RT @in_crush: J'adore le Kaisoo, mais la Kai on dirait un pédophile en mode :
Viens mon enfant, j'ai des bonbons...

❤ http://t.co/FzdfZvC2…
"@rmt_Kai: A tu jun manzaneros le gustan los caballos yunwah"

Bastante.
Russian Roulette ✖ Le Jun Kai MV: http://t.co/23AWfEcotX vía @YouTube
I'm #nowwatching Le Jun Kai (http://t.co/dcO6P05UHy) on Viki for mobile!. Download at http://t.co/X0PuRTMXRC
-Le lanza barrigas a Jun manzaneros-
A tu jun manzaneros le gustan los caballos yunwah
cierto el jun barrigas tampoco se le ve
RT @in_crush: J'adore le Kaisoo, mais la Kai on dirait un pédophile en mode :
Viens mon enfant, j'ai des bonbons...

❤ http://t.co/FzdfZvC2…
"@rmt_Kai: A tu jun manzaneros le gustan los caballos yunwah"

Bastante.
Russian Roulette ✖ Le Jun Kai MV: http://t.co/23AWfEcotX vía @YouTube
I'm #nowwatching Le Jun Kai (http://t.co/dcO6P05UHy) on Viki for mobile!. Download at http://t.co/X0PuRTMXRC
-Le lanza barrigas a Jun manzaneros-
A tu jun manzaneros le gustan los caballos yunwah
cierto el jun barrigas tampoco se le ve
RT @in_crush: J'adore le Kaisoo, mais la Kai on dirait un pédophile en mode :
Viens mon enfant, j'ai des bonbons...

❤ http://t.co/FzdfZvC2…
"@rmt_Kai: A tu jun manzaneros le gustan los caballos yunwah"

Bastante.
Russian Roulette ✖ Le Jun Kai MV: http://t.co/23AWfEcotX vía @YouTube
I'm #nowwatching Le Jun Kai (http://t.co/dcO6P05UHy) on Viki for mobile!. Download at http://t.co/X0PuRTMXRC
-Le lanza barrigas a Jun manzaneros-
A tu jun manzaneros le gustan los caballos yunwah
cierto el jun barrigas tampoco se le ve
RT @in_crush: J'adore le Kaisoo, mais la Kai on dirait un pédophile en mode :
Viens mon enfant, j'ai des bonbons...

❤ http://t.co/FzdfZvC2…
"@rmt_Kai: A tu jun manzaneros le gustan los caballos yunwah"

Bastante.
Russian Roulette ✖ Le Jun Kai MV: http://t.co/23AWfEcotX vía @YouTube
I'm #nowwatching Le Jun Kai (http://t.co/dcO6P05UHy) on Viki for mobile!. Download at http://t.co/X0PuRTMXRC
-Le lanza barrigas a Jun manzaneros-
A tu jun manzaneros le gustan los caballos yunwah
cierto el jun barrigas tampoco se le ve
RT @in_crush: J'adore le Kaisoo, mais la Kai on dirait un pédophile en mode :
Viens mon enfant, j'ai des bonbons...

❤ http://t.co/FzdfZvC2…
"@rmt_Kai: A tu jun manzaneros le gustan los caballos yunwah"

Bastante.
Russian Roulette ✖ Le Jun Kai MV: http://t.co/23AWfEcotX vía @YouTube
I'm #nowwatching Le Jun Kai (http://t.co/dcO6P05UHy) on Viki for mobile!. Download at http://t.co/X0PuRTMXRC
-Le lanza barrigas a Jun manzaneros-
A tu jun manzaneros le gustan los caballos yunwah
cierto el jun barrigas tampoco se le ve
RT @in_crush: J'adore le Kaisoo, mais la Kai on dirait un pédophile en mode :
Viens mon enfant, j'ai des bonbons...

❤ http://t.co/FzdfZvC2…
"@rmt_Kai: A tu jun manzaneros le gustan los caballos yunwah"

Bastante.
Russian Roulette ✖ Le Jun Kai MV: http://t.co/23AWfEcotX vía @YouTube
I'm #nowwatching Le Jun Kai (http://t.co/dcO6P05UHy) on Viki for mobile!. Download at http://t.co/X0PuRTMXRC
-Le lanza barrigas a Jun manzaneros-
A tu jun manzaneros le gustan los caballos yunwah
cierto el jun barrigas tampoco se le ve
RT @in_crush: J'adore le Kaisoo, mais la Kai on dirait un pédophile en mode :
Viens mon enfant, j'ai des bonbons...

❤ http://t.co/FzdfZvC2…
"@rmt_Kai: A tu jun manzaneros le gustan los caballos yunwah"

Bastante.
Russian Roulette ✖ Le Jun Kai MV: http://t.co/23AWfEcotX vía @YouTube
I'm #nowwatching Le Jun Kai (http://t.co/dcO6P05UHy) on Viki for mobile!. Download at http://t.co/X0PuRTMXRC
-Le lanza barrigas a Jun manzaneros-
A tu jun manzaneros le gustan los caballos yunwah
cierto el jun barrigas tampoco se le ve
RT @in_crush: J'adore le Kaisoo, mais la Kai on dirait un pédophile en mode :
Viens mon enfant, j'ai des bonbons...

❤ http://t.co/FzdfZvC2…
"@rmt_Kai: A tu jun manzaneros le gustan los caballos yunwah"

Bastante.
Russian Roulette ✖ Le Jun Kai MV: http://t.co/23AWfEcotX vía @YouTube
I'm #nowwatching Le Jun Kai (http://t.co/dcO6P05UHy) on Viki for mobile!. Download at http://t.co/X0PuRTMXRC
-Le lanza barrigas a Jun manzaneros-
A tu jun manzaneros le gustan los caballos yunwah
cierto el jun barrigas tampoco se le ve
RT @in_crush: J'adore le Kaisoo, mais la Kai on dirait un pédophile en mode :
Viens mon enfant, j'ai des bonbons...

❤ http://t.co/FzdfZvC2…
"@rmt_Kai: A tu jun manzaneros le gustan los caballos yunwah"

Bastante.
Russian Roulette ✖ Le Jun Kai MV: http://t.co/23AWfEcotX vía @YouTube
I'm #nowwatching Le Jun Kai (http://t.co/dcO6P05UHy) on Viki for mobile!. Download at http://t.co/X0PuRTMXRC
-Le lanza barrigas a Jun manzaneros-
A tu jun manzaneros le gustan los caballos yunwah
cierto el jun barrigas tampoco se le ve
RT @in_crush: J'adore le Kaisoo, mais la Kai on dirait un pédophile en mode :
Viens mon enfant, j'ai des bonbons...

❤ http://t.co/FzdfZvC2…
"@rmt_Kai: A tu jun manzaneros le gustan los caballos yunwah"

Bastante.
Russian Roulette ✖ Le Jun Kai MV: http://t.co/23AWfEcotX vía @YouTube
I'm #nowwatching Le Jun Kai (http://t.co/dcO6P05UHy) on Viki for mobile!. Download at http://t.co/X0PuRTMXRC
-Le lanza barrigas a Jun manzaneros-
A tu jun manzaneros le gustan los caballos yunwah
cierto el jun barrigas tampoco se le ve
RT @in_crush: J'adore le Kaisoo, mais la Kai on dirait un pédophile en mode :
Viens mon enfant, j'ai des bonbons...

❤ http://t.co/FzdfZvC2…
"@rmt_Kai: A tu jun manzaneros le gustan los caballos yunwah"

Bastante.
Russian Roulette ✖ Le Jun Kai MV: http://t.co/23AWfEcotX vía @YouTube
I'm #nowwatching Le Jun Kai (http://t.co/dcO6P05UHy) on Viki for mobile!. Download at http://t.co/X0PuRTMXRC
-Le lanza barrigas a Jun manzaneros-
A tu jun manzaneros le gustan los caballos yunwah
cierto el jun barrigas tampoco se le ve
RT @in_crush: J'adore le Kaisoo, mais la Kai on dirait un pédophile en mode :
Viens mon enfant, j'ai des bonbons...

❤ http://t.co/FzdfZvC2…
"@rmt_Kai: A tu jun manzaneros le gustan los caballos yunwah"

Bastante.
Russian Roulette ✖ Le Jun Kai MV: http://t.co/23AWfEcotX vía @YouTube
I'm #nowwatching Le Jun Kai (http://t.co/dcO6P05UHy) on Viki for mobile!. Download at http://t.co/X0PuRTMXRC
-Le lanza barrigas a Jun manzaneros-
A tu jun manzaneros le gustan los caballos yunwah
cierto el jun barrigas tampoco se le ve
RT @in_crush: J'adore le Kaisoo, mais la Kai on dirait un pédophile en mode :
Viens mon enfant, j'ai des bonbons...

❤ http://t.co/FzdfZvC2…
"@rmt_Kai: A tu jun manzaneros le gustan los caballos yunwah"

Bastante.
Russian Roulette ✖ Le Jun Kai MV: http://t.co/23AWfEcotX vía @YouTube
I'm #nowwatching Le Jun Kai (http://t.co/dcO6P05UHy) on Viki for mobile!. Download at http://t.co/X0PuRTMXRC
-Le lanza barrigas a Jun manzaneros-
A tu jun manzaneros le gustan los caballos yunwah
cierto el jun barrigas tampoco se le ve
RT @in_crush: J'adore le Kaisoo, mais la Kai on dirait un pédophile en mode :
Viens mon enfant, j'ai des bonbons...

❤ http://t.co/FzdfZvC2…
"@rmt_Kai: A tu jun manzaneros le gustan los caballos yunwah"

Bastante.
Russian Roulette ✖ Le Jun Kai MV: http://t.co/23AWfEcotX vía @YouTube
I'm #nowwatching Le Jun Kai (http://t.co/dcO6P05UHy) on Viki for mobile!. Download at http://t.co/X0PuRTMXRC
-Le lanza barrigas a Jun manzaneros-
A tu jun manzaneros le gustan los caballos yunwah
cierto el jun barrigas tampoco se le ve
RT @in_crush: J'adore le Kaisoo, mais la Kai on dirait un pédophile en mode :
Viens mon enfant, j'ai des bonbons...

❤ http://t.co/FzdfZvC2…
"@rmt_Kai: A tu jun manzaneros le gustan los caballos yunwah"

Bastante.
Russian Roulette ✖ Le Jun Kai MV: http://t.co/23AWfEcotX vía @YouTube
I'm #nowwatching Le Jun Kai (http://t.co/dcO6P05UHy) on Viki for mobile!. Download at http://t.co/X0PuRTMXRC
-Le lanza barrigas a Jun manzaneros-
A tu jun manzaneros le gustan los caballos yunwah
cierto el jun barrigas tampoco se le ve
RT @in_crush: J'adore le Kaisoo, mais la Kai on dirait un pédophile en mode :
Viens mon enfant, j'ai des bonbons...

❤ http://t.co/FzdfZvC2…
"@rmt_Kai: A tu jun manzaneros le gustan los caballos yunwah"

Bastante.
Russian Roulette ✖ Le Jun Kai MV: http://t.co/23AWf